station_id,fuel_type,label,timestamp,price
1214419,DIE,Diesel,2023-02-01 02:24,1.708
42886,DIE,Diesel,2023-02-01 02:24,1.709
1474414,DIE,Diesel,2023-02-01 02:24,1.718
1471167,DIE,Diesel,2023-02-01 02:24,1.719
1173509,DIE,Diesel,2023-02-01 02:24,1.718
1448506,DIE,Diesel,2023-02-01 02:24,1.718
1013942,DIE,Diesel,2023-02-01 02:24,1.738
1468867,DIE,Diesel,2023-02-01 02:24,1.739
866141,DIE,Diesel,2023-02-01 02:24,1.759
1055611,DIE,Diesel,2023-02-01 02:24,1.759
394,DIE,Diesel,2023-02-01 02:24,1.779
218370,DIE,Diesel,2023-02-01 02:24,1.779
1468800,DIE,Diesel,2023-02-01 02:24,1.779
1472667,DIE,Diesel,2023-02-01 02:24,1.794
42867,DIE,Diesel,2023-02-01 02:24,1.829
1191728,DIE,Diesel,2023-02-01 02:24,1.777
7586,DIE,Diesel,2023-02-01 02:24,1.779
34436,DIE,Diesel,2023-02-01 02:24,1.789
6222,DIE,Diesel,2023-02-01 02:24,1.86
6304,DIE,Diesel,2023-02-01 02:24,1.86
6664,DIE,Diesel,2023-02-01 02:24,1.728
1467530,DIE,Diesel,2023-02-01 02:24,1.739
754943,DIE,Diesel,2023-02-01 02:24,1.743
1246499,DIE,Diesel,2023-02-01 02:24,1.743
1474416,DIE,Diesel,2023-02-01 02:24,1.743
4329,DIE,Diesel,2023-02-01 02:24,1.727
34770,DIE,Diesel,2023-02-01 02:24,1.727
34771,DIE,Diesel,2023-02-01 02:24,1.727
40446,DIE,Diesel,2023-02-01 02:24,1.727
1472827,DIE,Diesel,2023-02-01 02:24,1.734
4359,DIE,Diesel,2023-02-01 02:24,1.709
1110070,DIE,Diesel,2023-02-01 02:24,1.709
1474417,DIE,Diesel,2023-02-01 02:24,1.709
34499,DIE,Diesel,2023-02-01 02:24,1.719
423989,DIE,Diesel,2023-02-01 02:24,1.719
1467527,DIE,Diesel,2023-02-01 02:24,1.719
1467528,DIE,Diesel,2023-02-01 02:24,1.719
1121781,DIE,Diesel,2023-02-01 02:24,1.751
1216043,DIE,Diesel,2023-02-01 02:24,1.769
1474991,DIE,Diesel,2023-02-01 02:24,1.769
933638,DIE,Diesel,2023-02-01 02:24,1.774
1472887,DIE,Diesel,2023-02-01 02:24,1.774
492,DIE,Diesel,2023-02-01 02:24,1.709
267,DIE,Diesel,2023-02-01 02:24,1.724
1474413,DIE,Diesel,2023-02-01 02:24,1.724
1474203,DIE,Diesel,2023-02-01 02:24,1.729
824526,DIE,Diesel,2023-02-01 02:24,1.734
1157935,DIE,Diesel,2023-02-01 02:24,1.734
1474493,DIE,Diesel,2023-02-01 02:24,1.734
4104,DIE,Diesel,2023-02-01 02:24,1.687
1474311,DIE,Diesel,2023-02-01 02:24,1.689
1474496,DIE,Diesel,2023-02-01 02:24,1.689
1468186,DIE,Diesel,2023-02-01 02:24,1.698
1470126,DIE,Diesel,2023-02-01 02:24,1.698
1475711,DIE,Diesel,2023-02-01 02:24,1.774
34817,DIE,Diesel,2023-02-01 02:24,1.837
1475691,DIE,Diesel,2023-02-01 02:24,1.849
36827,DIE,Diesel,2023-02-01 02:24,1.868
34316,DIE,Diesel,2023-02-01 02:24,1.869
1339976,DIE,Diesel,2023-02-01 02:24,1.698
1472127,DIE,Diesel,2023-02-01 02:24,1.748
34570,DIE,Diesel,2023-02-01 02:24,1.829
1474118,DIE,Diesel,2023-02-01 02:24,2.249
357,DIE,Diesel,2023-02-01 02:24,1.758
1236279,DIE,Diesel,2023-02-01 02:24,1.758
34504,DIE,Diesel,2023-02-01 02:24,1.769
34739,DIE,Diesel,2023-02-01 02:24,1.789
1474951,DIE,Diesel,2023-02-01 02:24,1.789
4101,DIE,Diesel,2023-02-01 02:24,1.723
1474177,DIE,Diesel,2023-02-01 02:24,1.723
1474495,DIE,Diesel,2023-02-01 02:24,1.723
1469987,DIE,Diesel,2023-02-01 02:24,1.755
5095,DIE,Diesel,2023-02-01 02:24,1.759
1472267,DIE,Diesel,2023-02-01 02:24,1.759
1474494,DIE,Diesel,2023-02-01 02:24,1.689
998770,DIE,Diesel,2023-02-01 02:24,1.697
1329486,DIE,Diesel,2023-02-01 02:24,1.704
1340146,DIE,Diesel,2023-02-01 02:24,1.723
35109,DIE,Diesel,2023-02-01 02:24,1.764
6488,DIE,Diesel,2023-02-01 02:24,1.744
1475651,DIE,Diesel,2023-02-01 02:24,1.759
42326,DIE,Diesel,2023-02-01 02:24,1.764
42986,DIE,Diesel,2023-02-01 02:24,1.848
449658,DIE,Diesel,2023-02-01 02:24,2.249
34888,DIE,Diesel,2023-02-01 02:24,1.72
38009,DIE,Diesel,2023-02-01 02:24,1.762
874225,DIE,Diesel,2023-02-01 02:24,1.764
725719,DIE,Diesel,2023-02-01 02:24,1.789
1474205,DIE,Diesel,2023-02-01 02:24,2.249
43866,DIE,Diesel,2023-02-01 02:24,1.698
1467628,DIE,Diesel,2023-02-01 02:24,1.723
1354707,DIE,Diesel,2023-02-01 02:24,1.734
1354749,DIE,Diesel,2023-02-01 02:24,1.734
33609,DIE,Diesel,2023-02-01 02:24,1.744
7658,DIE,Diesel,2023-02-01 02:24,1.789
1470106,DIE,Diesel,2023-02-01 02:24,1.772
1474314,DIE,Diesel,2023-02-01 02:24,1.772
36008,DIE,Diesel,2023-02-01 02:24,1.939
1474391,DIE,Diesel,2023-02-01 02:24,1.779
7585,DIE,Diesel,2023-02-01 02:24,1.784
1471187,DIE,Diesel,2023-02-01 02:24,1.754
247883,DIE,Diesel,2023-02-01 02:24,1.769
1126532,DIE,Diesel,2023-02-01 02:24,1.774
1354801,DIE,Diesel,2023-02-01 02:24,1.774
6444,DIE,Diesel,2023-02-01 02:24,1.783
117653,DIE,Diesel,2023-02-01 02:24,1.709
1277939,DIE,Diesel,2023-02-01 02:24,1.709
1472947,DIE,Diesel,2023-02-01 02:24,1.709
6411,DIE,Diesel,2023-02-01 02:24,1.718
34598,DIE,Diesel,2023-02-01 02:24,1.719
35846,DIE,Diesel,2023-02-01 02:24,1.723
645229,DIE,Diesel,2023-02-01 02:24,1.723
1275039,DIE,Diesel,2023-02-01 02:24,1.723
1474389,DIE,Diesel,2023-02-01 02:24,1.723
1474408,DIE,Diesel,2023-02-01 02:24,1.723
254,DIE,Diesel,2023-02-01 02:24,1.734
1473528,DIE,Diesel,2023-02-01 02:24,1.734
1354772,DIE,Diesel,2023-02-01 02:24,1.738
36546,DIE,Diesel,2023-02-01 02:24,1.744
395310,DIE,Diesel,2023-02-01 02:24,1.749
27336,DIE,Diesel,2023-02-01 02:24,1.728
1469266,DIE,Diesel,2023-02-01 02:24,1.759
335,DIE,Diesel,2023-02-01 02:24,1.779
6109,DIE,Diesel,2023-02-01 02:24,1.779
6121,DIE,Diesel,2023-02-01 02:24,1.779
6132,DIE,Diesel,2023-02-01 02:24,1.779
1472390,DIE,Diesel,2023-02-01 02:24,1.779
1472395,DIE,Diesel,2023-02-01 02:24,1.779
1472396,DIE,Diesel,2023-02-01 02:24,1.779
1472397,DIE,Diesel,2023-02-01 02:24,1.779
1472399,DIE,Diesel,2023-02-01 02:24,1.779
1472400,DIE,Diesel,2023-02-01 02:24,1.779
33602,DIE,Diesel,2023-02-01 02:24,1.819
33606,DIE,Diesel,2023-02-01 02:24,1.819
1354730,DIE,Diesel,2023-02-01 02:24,1.819
1470066,DIE,Diesel,2023-02-01 02:24,1.819
1142439,DIE,Diesel,2023-02-01 02:24,1.824
6430,DIE,Diesel,2023-02-01 02:24,1.769
6434,DIE,Diesel,2023-02-01 02:24,1.769
6439,DIE,Diesel,2023-02-01 02:24,1.769
6443,DIE,Diesel,2023-02-01 02:24,1.769
6455,DIE,Diesel,2023-02-01 02:24,1.769
6462,DIE,Diesel,2023-02-01 02:24,1.769
6465,DIE,Diesel,2023-02-01 02:24,1.769
6468,DIE,Diesel,2023-02-01 02:24,1.769
6474,DIE,Diesel,2023-02-01 02:24,1.769
6478,DIE,Diesel,2023-02-01 02:24,1.769
6480,DIE,Diesel,2023-02-01 02:24,1.769
6481,DIE,Diesel,2023-02-01 02:24,1.769
6618,DIE,Diesel,2023-02-01 02:24,1.769
1211704,DIE,Diesel,2023-02-01 02:24,1.769
1474068,DIE,Diesel,2023-02-01 02:24,1.769
6125,DIE,Diesel,2023-02-01 02:24,1.769
6550,DIE,Diesel,2023-02-01 02:24,1.769
6615,DIE,Diesel,2023-02-01 02:24,1.769
6616,DIE,Diesel,2023-02-01 02:24,1.769
6619,DIE,Diesel,2023-02-01 02:24,1.769
33455,DIE,Diesel,2023-02-01 02:24,1.769
1468310,DIE,Diesel,2023-02-01 02:24,1.769
1473067,DIE,Diesel,2023-02-01 02:24,1.769
33291,DIE,Diesel,2023-02-01 02:24,1.752
6170,DIE,Diesel,2023-02-01 02:24,1.759
6051,DIE,Diesel,2023-02-01 02:24,1.769
6060,DIE,Diesel,2023-02-01 02:24,1.769
6459,DIE,Diesel,2023-02-01 02:24,1.769
6466,DIE,Diesel,2023-02-01 02:24,1.769
6470,DIE,Diesel,2023-02-01 02:24,1.769
6472,DIE,Diesel,2023-02-01 02:24,1.769
989379,DIE,Diesel,2023-02-01 02:24,1.769
1470146,DIE,Diesel,2023-02-01 02:24,1.769
1474409,DIE,Diesel,2023-02-01 02:24,1.769
1354744,DIE,Diesel,2023-02-01 02:24,1.734
33587,DIE,Diesel,2023-02-01 02:24,1.772
1475091,DIE,Diesel,2023-02-01 02:24,1.772
7663,DIE,Diesel,2023-02-01 02:24,1.789
7666,DIE,Diesel,2023-02-01 02:24,1.789
7677,DIE,Diesel,2023-02-01 02:24,1.789
323678,DIE,Diesel,2023-02-01 02:24,1.789
6326,DIE,Diesel,2023-02-01 02:24,1.713
1473288,DIE,Diesel,2023-02-01 02:24,1.729
34347,DIE,Diesel,2023-02-01 02:24,1.739
1354814,DIE,Diesel,2023-02-01 02:24,1.744
1354734,DIE,Diesel,2023-02-01 02:24,1.772
1474390,DIE,Diesel,2023-02-01 02:24,1.772
35466,DIE,Diesel,2023-02-01 02:24,1.696
33634,DIE,Diesel,2023-02-01 02:24,1.749
33635,DIE,Diesel,2023-02-01 02:24,1.749
1354805,DIE,Diesel,2023-02-01 02:24,1.749
1474410,DIE,Diesel,2023-02-01 02:24,1.749
1474811,DIE,Diesel,2023-02-01 02:24,1.747
311212,DIE,Diesel,2023-02-01 02:24,1.749
6126,DIE,Diesel,2023-02-01 02:24,1.752
6056,DIE,Diesel,2023-02-01 02:24,1.759
6661,DIE,Diesel,2023-02-01 02:24,1.763
218712,DIE,Diesel,2023-02-01 02:24,1.724
224519,DIE,Diesel,2023-02-01 02:24,1.728
665614,DIE,Diesel,2023-02-01 02:24,1.728
1354799,DIE,Diesel,2023-02-01 02:24,1.728
1473968,DIE,Diesel,2023-02-01 02:24,1.728
1004230,DIE,Diesel,2023-02-01 02:24,1.777
6453,DIE,Diesel,2023-02-01 02:24,1.779
1050694,DIE,Diesel,2023-02-01 02:24,1.784
33480,DIE,Diesel,2023-02-01 02:24,1.799
819631,DIE,Diesel,2023-02-01 02:24,1.799
1354774,DIE,Diesel,2023-02-01 02:24,1.709
1354776,DIE,Diesel,2023-02-01 02:24,1.709
1471147,DIE,Diesel,2023-02-01 02:24,1.709
247869,DIE,Diesel,2023-02-01 02:24,1.719
1314727,DIE,Diesel,2023-02-01 02:24,1.739
1475351,DIE,Diesel,2023-02-01 02:24,1.753
33321,DIE,Diesel,2023-02-01 02:24,1.758
33574,DIE,Diesel,2023-02-01 02:24,1.758
1456506,DIE,Diesel,2023-02-01 02:24,1.758
1467750,DIE,Diesel,2023-02-01 02:24,1.758
1473608,DIE,Diesel,2023-02-01 02:24,1.758
1470788,DIE,Diesel,2023-02-01 02:24,1.697
1354763,DIE,Diesel,2023-02-01 02:24,1.698
934315,DIE,Diesel,2023-02-01 02:24,1.699
1147026,DIE,Diesel,2023-02-01 02:24,1.707
1473888,DIE,Diesel,2023-02-01 02:24,1.707
6424,DIE,Diesel,2023-02-01 02:24,1.799
6425,DIE,Diesel,2023-02-01 02:24,1.799
6426,DIE,Diesel,2023-02-01 02:24,1.799
6428,DIE,Diesel,2023-02-01 02:24,1.799
6429,DIE,Diesel,2023-02-01 02:24,1.799
271834,DIE,Diesel,2023-02-01 02:24,1.754
1354770,DIE,Diesel,2023-02-01 02:24,1.754
1474313,DIE,Diesel,2023-02-01 02:24,1.754
7582,DIE,Diesel,2023-02-01 02:24,1.769
1470767,DIE,Diesel,2023-02-01 02:24,1.789
6085,DIE,Diesel,2023-02-01 02:24,1.772
1474315,DIE,Diesel,2023-02-01 02:24,1.772
33575,DIE,Diesel,2023-02-01 02:24,1.777
7617,DIE,Diesel,2023-02-01 02:24,1.799
7573,DIE,Diesel,2023-02-01 02:24,1.819
7587,DIE,Diesel,2023-02-01 02:24,1.819
7591,DIE,Diesel,2023-02-01 02:24,1.819
7595,DIE,Diesel,2023-02-01 02:24,1.819
7596,DIE,Diesel,2023-02-01 02:24,1.819
7597,DIE,Diesel,2023-02-01 02:24,1.819
7602,DIE,Diesel,2023-02-01 02:24,1.819
7605,DIE,Diesel,2023-02-01 02:24,1.819
7607,DIE,Diesel,2023-02-01 02:24,1.819
7608,DIE,Diesel,2023-02-01 02:24,1.819
7609,DIE,Diesel,2023-02-01 02:24,1.819
33603,DIE,Diesel,2023-02-01 02:24,1.819
33605,DIE,Diesel,2023-02-01 02:24,1.819
33967,DIE,Diesel,2023-02-01 02:24,1.819
462,DIE,Diesel,2023-02-01 02:24,1.769
190511,DIE,Diesel,2023-02-01 02:24,1.771
650274,DIE,Diesel,2023-02-01 02:24,1.771
665785,DIE,Diesel,2023-02-01 02:24,1.771
1221668,DIE,Diesel,2023-02-01 02:24,1.771
1469746,DIE,Diesel,2023-02-01 02:24,1.729
180,DIE,Diesel,2023-02-01 02:24,1.74
412,DIE,Diesel,2023-02-01 02:24,1.74
215302,DIE,Diesel,2023-02-01 02:24,1.77
40766,DIE,Diesel,2023-02-01 02:24,1.771
1474418,DIE,Diesel,2023-02-01 02:24,1.771
1474420,DIE,Diesel,2023-02-01 02:24,1.771
1473370,DIE,Diesel,2023-02-01 02:24,1.775
1473469,DIE,Diesel,2023-02-01 02:24,1.775
866138,DIE,Diesel,2023-02-01 02:24,1.715
6449,DIE,Diesel,2023-02-01 02:24,1.728
4097,DIE,Diesel,2023-02-01 02:24,1.764
1474422,DIE,Diesel,2023-02-01 02:24,1.764
6312,DIE,Diesel,2023-02-01 02:24,1.769
6230,DIE,Diesel,2023-02-01 02:24,1.749
6233,DIE,Diesel,2023-02-01 02:24,1.749
6240,DIE,Diesel,2023-02-01 02:24,1.749
6245,DIE,Diesel,2023-02-01 02:24,1.749
7738,DIE,Diesel,2023-02-01 02:24,1.749
408320,DIE,Diesel,2023-02-01 02:24,1.749
33562,DIE,Diesel,2023-02-01 02:24,1.774
6105,DIE,Diesel,2023-02-01 02:24,1.788
6122,DIE,Diesel,2023-02-01 02:24,1.788
44587,DIE,Diesel,2023-02-01 02:24,1.788
2094,DIE,Diesel,2023-02-01 02:24,1.804
1474425,DIE,Diesel,2023-02-01 02:24,1.749
44766,DIE,Diesel,2023-02-01 02:24,1.759
493332,DIE,Diesel,2023-02-01 02:24,1.759
1304279,DIE,Diesel,2023-02-01 02:24,1.759
1317947,DIE,Diesel,2023-02-01 02:24,1.759
1467506,DIE,Diesel,2023-02-01 02:24,1.759
1472007,DIE,Diesel,2023-02-01 02:24,1.759
38186,DIE,Diesel,2023-02-01 02:24,1.739
6246,DIE,Diesel,2023-02-01 02:24,1.749
7772,DIE,Diesel,2023-02-01 02:24,1.749
1472307,DIE,Diesel,2023-02-01 02:24,1.749
34467,DIE,Diesel,2023-02-01 02:24,1.758
285150,DIE,Diesel,2023-02-01 02:24,1.764
1474424,DIE,Diesel,2023-02-01 02:24,1.767
33734,DIE,Diesel,2023-02-01 02:24,1.768
4103,DIE,Diesel,2023-02-01 02:24,1.769
1473408,DIE,Diesel,2023-02-01 02:24,1.799
34329,DIE,Diesel,2023-02-01 02:24,1.688
1474368,DIE,Diesel,2023-02-01 02:24,1.709
1474427,DIE,Diesel,2023-02-01 02:24,1.709
42846,DIE,Diesel,2023-02-01 02:24,1.769
1474426,DIE,Diesel,2023-02-01 02:24,1.769
4322,DIE,Diesel,2023-02-01 02:24,1.707
1473768,DIE,Diesel,2023-02-01 02:24,1.707
402,DIE,Diesel,2023-02-01 02:24,1.709
1474388,DIE,Diesel,2023-02-01 02:24,1.709
793706,DIE,Diesel,2023-02-01 02:24,1.724
7636,DIE,Diesel,2023-02-01 02:24,1.715
501,DIE,Diesel,2023-02-01 02:24,1.739
6081,DIE,Diesel,2023-02-01 02:24,1.774
297720,DIE,Diesel,2023-02-01 02:24,1.774
330085,DIE,Diesel,2023-02-01 02:24,1.774
1338906,DIE,Diesel,2023-02-01 02:24,1.774
1474421,DIE,Diesel,2023-02-01 02:24,1.774
1474430,DIE,Diesel,2023-02-01 02:24,1.774
1472747,DIE,Diesel,2023-02-01 02:24,1.756
2080,DIE,Diesel,2023-02-01 02:24,1.769
2081,DIE,Diesel,2023-02-01 02:24,1.769
2082,DIE,Diesel,2023-02-01 02:24,1.769
2083,DIE,Diesel,2023-02-01 02:24,1.769
4061,DIE,Diesel,2023-02-01 02:24,1.769
39306,DIE,Diesel,2023-02-01 02:24,1.769
44208,DIE,Diesel,2023-02-01 02:24,1.769
1475751,DIE,Diesel,2023-02-01 02:24,1.769
1473479,DIE,Diesel,2023-02-01 02:24,1.699
34470,DIE,Diesel,2023-02-01 02:24,1.758
227,DIE,Diesel,2023-02-01 02:24,1.767
43946,DIE,Diesel,2023-02-01 02:24,1.767
34459,DIE,Diesel,2023-02-01 02:24,1.778
34460,DIE,Diesel,2023-02-01 02:24,1.778
34464,DIE,Diesel,2023-02-01 02:24,1.778
41926,DIE,Diesel,2023-02-01 02:24,1.753
35946,DIE,Diesel,2023-02-01 02:24,1.769
635479,DIE,Diesel,2023-02-01 02:24,1.769
1472347,DIE,Diesel,2023-02-01 02:24,1.769
1161908,DIE,Diesel,2023-02-01 02:24,1.778
716608,DIE,Diesel,2023-02-01 02:24,1.751
38466,DIE,Diesel,2023-02-01 02:24,1.756
41326,DIE,Diesel,2023-02-01 02:24,1.762
6187,DIE,Diesel,2023-02-01 02:24,1.767
6087,DIE,Diesel,2023-02-01 02:24,1.771
1474028,DIE,Diesel,2023-02-01 02:24,1.744
1474428,DIE,Diesel,2023-02-01 02:24,1.744
798257,DIE,Diesel,2023-02-01 02:24,1.759
1469346,DIE,Diesel,2023-02-01 02:24,1.759
1471087,DIE,Diesel,2023-02-01 02:24,1.759
1474429,DIE,Diesel,2023-02-01 02:24,1.759
34308,DIE,Diesel,2023-02-01 02:24,1.738
211195,DIE,Diesel,2023-02-01 02:24,1.759
1473908,DIE,Diesel,2023-02-01 02:24,1.77
457,DIE,Diesel,2023-02-01 02:24,1.771
33663,DIE,Diesel,2023-02-01 02:24,1.771
43486,DIE,Diesel,2023-02-01 02:24,1.724
437493,DIE,Diesel,2023-02-01 02:24,1.758
277,DIE,Diesel,2023-02-01 02:24,1.759
37386,DIE,Diesel,2023-02-01 02:24,1.779
1474159,DIE,Diesel,2023-02-01 02:24,1.779
1374746,DIE,Diesel,2023-02-01 02:24,1.694
1473468,DIE,Diesel,2023-02-01 02:24,1.694
1354881,DIE,Diesel,2023-02-01 02:24,1.699
1474100,DIE,Diesel,2023-02-01 02:24,1.699
450178,DIE,Diesel,2023-02-01 02:24,1.749
1473508,DIE,Diesel,2023-02-01 02:24,1.694
7633,DIE,Diesel,2023-02-01 02:24,1.715
7706,DIE,Diesel,2023-02-01 02:24,1.719
449829,DIE,Diesel,2023-02-01 02:24,1.739
1474434,DIE,Diesel,2023-02-01 02:24,1.743
624870,DIE,Diesel,2023-02-01 02:24,1.725
1475592,DIE,Diesel,2023-02-01 02:24,1.729
40406,DIE,Diesel,2023-02-01 02:24,1.734
34558,DIE,Diesel,2023-02-01 02:24,1.735
1354747,DIE,Diesel,2023-02-01 02:24,1.739
810034,DIE,Diesel,2023-02-01 02:24,1.845
27333,DIE,Diesel,2023-02-01 02:24,1.899
1474151,DIE,Diesel,2023-02-01 02:24,1.899
27330,DIE,Diesel,2023-02-01 02:24,1.949
1474103,DIE,Diesel,2023-02-01 02:24,2.249
34017,DIE,Diesel,2023-02-01 02:24,1.774
1247786,DIE,Diesel,2023-02-01 02:24,1.778
30201,DIE,Diesel,2023-02-01 02:24,1.779
30207,DIE,Diesel,2023-02-01 02:24,1.779
30215,DIE,Diesel,2023-02-01 02:24,1.789
42686,DIE,Diesel,2023-02-01 02:24,1.789
794883,DIE,Diesel,2023-02-01 02:24,1.789
1338037,DIE,Diesel,2023-02-01 02:24,1.733
1474490,DIE,Diesel,2023-02-01 02:24,1.733
159,DIE,Diesel,2023-02-01 02:24,1.734
33417,DIE,Diesel,2023-02-01 02:24,1.738
4176,DIE,Diesel,2023-02-01 02:24,1.739
40407,DIE,Diesel,2023-02-01 02:24,1.739
386713,DIE,Diesel,2023-02-01 02:24,1.739
1467967,DIE,Diesel,2023-02-01 02:24,1.739
1468346,DIE,Diesel,2023-02-01 02:24,1.739
951924,DIE,Diesel,2023-02-01 02:24,1.738
6607,DIE,Diesel,2023-02-01 02:24,1.75
1200719,DIE,Diesel,2023-02-01 02:24,1.754
1249027,DIE,Diesel,2023-02-01 02:24,1.754
1472367,DIE,Diesel,2023-02-01 02:24,1.758
38948,DIE,Diesel,2023-02-01 02:24,1.723
34360,DIE,Diesel,2023-02-01 02:24,1.729
1471107,DIE,Diesel,2023-02-01 02:24,1.729
39406,DIE,Diesel,2023-02-01 02:24,1.734
665786,DIE,Diesel,2023-02-01 02:24,1.734
1474473,DIE,Diesel,2023-02-01 02:24,1.734
1474474,DIE,Diesel,2023-02-01 02:24,1.734
80314,DIE,Diesel,2023-02-01 02:24,1.744
1173681,DIE,Diesel,2023-02-01 02:24,1.744
33410,DIE,Diesel,2023-02-01 02:24,1.749
1013770,DIE,Diesel,2023-02-01 02:24,1.754
1168769,DIE,Diesel,2023-02-01 02:24,1.759
1211330,DIE,Diesel,2023-02-01 02:24,1.759
1470667,DIE,Diesel,2023-02-01 02:24,1.759
1474628,DIE,Diesel,2023-02-01 02:24,1.759
1475211,DIE,Diesel,2023-02-01 02:24,1.759
1475311,DIE,Diesel,2023-02-01 02:24,1.759
1475451,DIE,Diesel,2023-02-01 02:24,1.759
1475511,DIE,Diesel,2023-02-01 02:24,1.759
7644,DIE,Diesel,2023-02-01 02:24,1.73
7624,DIE,Diesel,2023-02-01 02:24,1.748
1468406,DIE,Diesel,2023-02-01 02:24,1.749
7847,DIE,Diesel,2023-02-01 02:24,1.759
35506,DIE,Diesel,2023-02-01 02:24,1.777
1468468,DIE,Diesel,2023-02-01 02:24,1.777
1474310,DIE,Diesel,2023-02-01 02:24,1.712
1468906,DIE,Diesel,2023-02-01 02:24,1.722
1470687,DIE,Diesel,2023-02-01 02:24,1.722
1475571,DIE,Diesel,2023-02-01 02:24,1.722
1474239,DIE,Diesel,2023-02-01 02:24,1.739
1474488,DIE,Diesel,2023-02-01 02:24,1.781
1450710,DIE,Diesel,2023-02-01 02:24,1.794
277557,DIE,Diesel,2023-02-01 02:24,1.829
305154,DIE,Diesel,2023-02-01 02:24,1.829
5111,DIE,Diesel,2023-02-01 02:24,1.688
5115,DIE,Diesel,2023-02-01 02:24,1.688
39546,DIE,Diesel,2023-02-01 02:24,1.693
34731,DIE,Diesel,2023-02-01 02:24,1.699
38686,DIE,Diesel,2023-02-01 02:24,1.708
38946,DIE,Diesel,2023-02-01 02:24,1.708
1470827,DIE,Diesel,2023-02-01 02:24,1.708
6148,DIE,Diesel,2023-02-01 02:24,1.769
7555,DIE,Diesel,2023-02-01 02:24,1.769
1144,DIE,Diesel,2023-02-01 02:24,1.784
833952,DIE,Diesel,2023-02-01 02:24,1.784
1305739,DIE,Diesel,2023-02-01 02:24,1.784
1318663,DIE,Diesel,2023-02-01 02:24,1.759
1471807,DIE,Diesel,2023-02-01 02:24,1.765
1467566,DIE,Diesel,2023-02-01 02:24,1.773
309865,DIE,Diesel,2023-02-01 02:24,1.779
357034,DIE,Diesel,2023-02-01 02:24,1.781
34851,DIE,Diesel,2023-02-01 02:24,1.738
1152503,DIE,Diesel,2023-02-01 02:24,1.744
1467651,DIE,Diesel,2023-02-01 02:24,1.759
1470026,DIE,Diesel,2023-02-01 02:24,1.763
4100,DIE,Diesel,2023-02-01 02:24,1.764
33374,DIE,Diesel,2023-02-01 02:24,1.764
1471127,DIE,Diesel,2023-02-01 02:24,1.764
33391,DIE,Diesel,2023-02-01 02:24,1.747
1470247,DIE,Diesel,2023-02-01 02:24,1.747
1474731,DIE,Diesel,2023-02-01 02:24,1.747
1474475,DIE,Diesel,2023-02-01 02:24,1.749
6323,DIE,Diesel,2023-02-01 02:24,1.758
36946,DIE,Diesel,2023-02-01 02:24,1.725
34769,DIE,Diesel,2023-02-01 02:24,1.729
33436,DIE,Diesel,2023-02-01 02:24,1.735
2086,DIE,Diesel,2023-02-01 02:24,1.745
6631,DIE,Diesel,2023-02-01 02:24,1.745
1473208,DIE,Diesel,2023-02-01 02:24,1.769
1354675,DIE,Diesel,2023-02-01 02:24,1.779
4136,DIE,Diesel,2023-02-01 02:24,1.789
450179,DIE,Diesel,2023-02-01 02:24,1.789
1474070,DIE,Diesel,2023-02-01 02:24,1.789
40847,DIE,Diesel,2023-02-01 02:24,1.754
381,DIE,Diesel,2023-02-01 02:24,1.799
4154,DIE,Diesel,2023-02-01 02:24,1.799
1354697,DIE,Diesel,2023-02-01 02:24,1.819
399193,DIE,Diesel,2023-02-01 02:24,1.829
665616,DIE,Diesel,2023-02-01 02:24,1.768
3075,DIE,Diesel,2023-02-01 02:24,1.799
7645,DIE,Diesel,2023-02-01 02:24,1.799
3077,DIE,Diesel,2023-02-01 02:24,1.804
43607,DIE,Diesel,2023-02-01 02:24,1.804
1081860,DIE,Diesel,2023-02-01 02:24,1.804
187,DIE,Diesel,2023-02-01 02:24,1.789
6117,DIE,Diesel,2023-02-01 02:24,1.789
4050,DIE,Diesel,2023-02-01 02:24,1.799
34593,DIE,Diesel,2023-02-01 02:24,1.819
4166,DIE,Diesel,2023-02-01 02:24,1.849
4187,DIE,Diesel,2023-02-01 02:24,1.748
44386,DIE,Diesel,2023-02-01 02:24,1.758
1470266,DIE,Diesel,2023-02-01 02:24,1.758
175,DIE,Diesel,2023-02-01 02:24,1.764
4117,DIE,Diesel,2023-02-01 02:24,1.769
1354677,DIE,Diesel,2023-02-01 02:24,1.724
4156,DIE,Diesel,2023-02-01 02:24,1.747
3088,DIE,Diesel,2023-02-01 02:24,1.749
44086,DIE,Diesel,2023-02-01 02:24,1.769
100404,DIE,Diesel,2023-02-01 02:24,2.189
4098,DIE,Diesel,2023-02-01 02:24,1.758
40926,DIE,Diesel,2023-02-01 02:24,1.768
1472647,DIE,Diesel,2023-02-01 02:24,1.768
1474468,DIE,Diesel,2023-02-01 02:24,1.773
1474128,DIE,Diesel,2023-02-01 02:24,1.789
34032,DIE,Diesel,2023-02-01 02:24,1.769
1354703,DIE,Diesel,2023-02-01 02:24,1.774
40106,DIE,Diesel,2023-02-01 02:24,1.728
1354681,DIE,Diesel,2023-02-01 02:24,1.804
7593,DIE,Diesel,2023-02-01 02:24,1.829
3093,DIE,Diesel,2023-02-01 02:24,1.849
781249,DIE,Diesel,2023-02-01 02:24,1.849
1474470,DIE,Diesel,2023-02-01 02:24,1.784
1475191,DIE,Diesel,2023-02-01 02:24,1.799
4172,DIE,Diesel,2023-02-01 02:24,1.804
7611,DIE,Diesel,2023-02-01 02:24,1.809
1354865,DIE,Diesel,2023-02-01 02:24,1.829
34521,DIE,Diesel,2023-02-01 02:24,1.728
40426,DIE,Diesel,2023-02-01 02:24,1.754
108726,DIE,Diesel,2023-02-01 02:24,1.754
1474348,DIE,Diesel,2023-02-01 02:24,1.754
7730,DIE,Diesel,2023-02-01 02:24,1.759
1473948,DIE,Diesel,2023-02-01 02:24,1.764
5107,DIE,Diesel,2023-02-01 02:24,1.776
36746,DIE,Diesel,2023-02-01 02:24,1.78
1354872,DIE,Diesel,2023-02-01 02:24,1.784
450004,DIE,Diesel,2023-02-01 02:24,1.789
1354857,DIE,Diesel,2023-02-01 02:24,1.789
1474471,DIE,Diesel,2023-02-01 02:24,1.764
7620,DIE,Diesel,2023-02-01 02:24,1.769
1474469,DIE,Diesel,2023-02-01 02:24,1.775
450530,DIE,Diesel,2023-02-01 02:24,1.79
7598,DIE,Diesel,2023-02-01 02:24,1.799
7610,DIE,Diesel,2023-02-01 02:24,1.799
1354895,DIE,Diesel,2023-02-01 02:24,1.769
1354901,DIE,Diesel,2023-02-01 02:24,1.769
427017,DIE,Diesel,2023-02-01 02:24,1.789
1474280,DIE,Diesel,2023-02-01 02:24,1.739
6083,DIE,Diesel,2023-02-01 02:25,1.734
1473828,DIE,Diesel,2023-02-01 02:25,1.699
1474210,DIE,Diesel,2023-02-01 02:25,1.699
1474286,DIE,Diesel,2023-02-01 02:25,1.699
414544,DIE,Diesel,2023-02-01 02:25,1.759
1354944,DIE,Diesel,2023-02-01 02:25,1.779
1474608,DIE,Diesel,2023-02-01 02:25,1.669
27348,DIE,Diesel,2023-02-01 02:25,1.719
1354935,DIE,Diesel,2023-02-01 02:25,1.734
1469546,DIE,Diesel,2023-02-01 02:25,1.734
1132041,DIE,Diesel,2023-02-01 02:25,1.739
1151451,DIE,Diesel,2023-02-01 02:25,1.717
1264660,DIE,Diesel,2023-02-01 02:25,1.722
1354941,DIE,Diesel,2023-02-01 02:25,1.722
1354949,DIE,Diesel,2023-02-01 02:25,1.722
1354779,DIE,Diesel,2023-02-01 02:25,1.749
41826,DIE,Diesel,2023-02-01 02:25,1.729
1354953,DIE,Diesel,2023-02-01 02:25,1.747
437498,DIE,Diesel,2023-02-01 02:25,1.759
1354907,DIE,Diesel,2023-02-01 02:25,1.909
448121,DIE,Diesel,2023-02-01 02:25,1.739
449827,DIE,Diesel,2023-02-01 02:25,1.789
1135,DIE,Diesel,2023-02-01 02:25,1.744
450523,DIE,Diesel,2023-02-01 02:25,1.789
4311,DIE,Diesel,2023-02-01 02:25,1.727
437497,DIE,Diesel,2023-02-01 02:25,1.799
1354955,DIE,Diesel,2023-02-01 02:25,1.779
431256,DIE,Diesel,2023-02-01 02:25,1.814
1354908,DIE,Diesel,2023-02-01 02:25,1.814
1354891,DIE,Diesel,2023-02-01 02:25,1.779
1474648,DIE,Diesel,2023-02-01 02:25,1.763
38026,DIE,Diesel,2023-02-01 02:25,1.764
1474309,DIE,Diesel,2023-02-01 02:25,1.764
1474472,DIE,Diesel,2023-02-01 02:25,1.764
1354939,DIE,Diesel,2023-02-01 02:25,1.774
1354951,DIE,Diesel,2023-02-01 02:25,1.774
1354957,DIE,Diesel,2023-02-01 02:25,1.779
450524,DIE,Diesel,2023-02-01 02:25,1.784
370714,DIE,Diesel,2023-02-01 02:25,1.789
395309,DIE,Diesel,2023-02-01 02:25,1.799
1474213,DIE,Diesel,2023-02-01 02:25,1.799
1473128,DIE,Diesel,2023-02-01 02:25,1.728
1354892,DIE,Diesel,2023-02-01 02:25,1.739
1354920,DIE,Diesel,2023-02-01 02:25,1.779
1199819,DIE,Diesel,2023-02-01 02:25,1.849
334,DIE,Diesel,2023-02-01 02:25,1.899
