postal_code,region_code,state_region_code
7000,101,1
7071,102,1
2443,103,1
2485,103,1
2491,103,1
7011,103,1
7012,103,1
7013,103,1
7034,103,1
7035,103,1
7041,103,1
7051,103,1
7052,103,1
7053,103,1
7061,103,1
7062,103,1
7063,103,1
7064,103,1
7072,103,1
7081,103,1
7082,103,1
7083,103,1
7091,103,1
7521,104,1
7522,104,1
7533,104,1
7534,104,1
7535,104,1
7536,104,1
7537,104,1
7540,104,1
7542,104,1
7543,104,1
7544,104,1
7551,104,1
7552,104,1
7574,104,1
8291,104,1
8292,104,1
8293,104,1
7561,105,1
7562,105,1
7563,105,1
7564,105,1
7571,105,1
7572,105,1
8380,105,1
8382,105,1
8383,105,1
8384,105,1
8385,105,1
7020,106,1
7021,106,1
7022,106,1
7023,106,1
7024,106,1
7031,106,1
7032,106,1
7033,106,1
7042,106,1
7201,106,1
7202,106,1
7203,106,1
7210,106,1
7212,106,1
7221,106,1
7222,106,1
7223,106,1
2413,107,1
2421,107,1
2422,107,1
2423,107,1
2424,107,1
2425,107,1
2460,107,1
2462,107,1
2473,107,1
2474,107,1
2475,107,1
7092,107,1
7093,107,1
7100,107,1
7111,107,1
7121,107,1
7122,107,1
7123,107,1
7131,107,1
7132,107,1
7141,107,1
7142,107,1
7143,107,1
7151,107,1
7152,107,1
7161,107,1
7162,107,1
7163,107,1
7301,108,1
7302,108,1
7304,108,1
7311,108,1
7312,108,1
7321,108,1
7322,108,1
7323,108,1
7331,108,1
7332,108,1
7341,108,1
7342,108,1
7343,108,1
7344,108,1
7350,108,1
7361,108,1
7371,108,1
7372,108,1
7373,108,1
7374,108,1
7441,108,1
7442,108,1
7443,108,1
7444,108,1
7451,108,1
7452,108,1
7453,108,1
7473,109,1
7474,109,1
7501,109,1
7502,109,1
7503,109,1
7511,109,1
7512,109,1
7531,109,1
7532,109,1
7400,109,1
7410,109,1
7411,109,1
7412,109,1
7422,109,1
7423,109,1
7425,109,1
7431,109,1
7432,109,1
7433,109,1
7434,109,1
7435,109,1
7461,109,1
7463,109,1
7464,109,1
7471,109,1
7472,109,1
9020,201,2
9061,201,2
9500,202,2
9504,202,2
9523,202,2
9524,202,2
9614,203,2
9615,203,2
9620,203,2
9622,203,2
9623,203,2
9624,203,2
9631,203,2
9632,203,2
9633,203,2
9634,203,2
9635,203,2
9640,203,2
9651,203,2
9652,203,2
9653,203,2
9654,203,2
9655,203,2
9062,204,2
9063,204,2
9064,204,2
9065,204,2
9071,204,2
9072,204,2
9073,204,2
9074,204,2
9081,204,2
9082,204,2
9130,204,2
9131,204,2
9161,204,2
9162,204,2
9163,204,2
9170,204,2
9173,204,2
9181,204,2
9201,204,2
9210,204,2
9212,204,2
9535,204,2
9572,205,2
9300,205,2
9311,205,2
9312,205,2
9313,205,2
9314,205,2
9321,205,2
9322,205,2
9330,205,2
9334,205,2
9335,205,2
9341,205,2
9342,205,2
9343,205,2
9344,205,2
9345,205,2
9346,205,2
9360,205,2
9361,205,2
9362,205,2
9363,205,2
9371,205,2
9372,205,2
9373,205,2
9374,205,2
9375,205,2
9376,205,2
9556,205,2
9701,206,2
9751,206,2
9753,206,2
9754,206,2
9761,206,2
9762,206,2
9771,206,2
9772,206,2
9773,206,2
9781,206,2
9800,206,2
9805,206,2
9811,206,2
9812,206,2
9813,206,2
9814,206,2
9815,206,2
9816,206,2
9821,206,2
9822,206,2
9831,206,2
9832,206,2
9833,206,2
9841,206,2
9842,206,2
9843,206,2
9844,206,2
9851,206,2
9852,206,2
9853,206,2
9854,206,2
9861,206,2
9862,206,2
9863,206,2
9871,206,2
9872,206,2
9545,206,2
9546,206,2
9580,207,2
9581,207,2
9582,207,2
9583,207,2
9584,207,2
9585,207,2
9586,207,2
9587,207,2
9601,207,2
9602,207,2
9611,207,2
9612,207,2
9613,207,2
9702,207,2
9710,207,2
9711,207,2
9712,207,2
9713,207,2
9714,207,2
9721,207,2
9722,207,2
9873,207,2
9182,207,2
9183,207,2
9184,207,2
9220,207,2
9231,207,2
9232,207,2
9241,207,2
9520,207,2
9521,207,2
9530,207,2
9531,207,2
9536,207,2
9541,207,2
9542,207,2
9543,207,2
9544,207,2
9100,208,2
9102,208,2
9103,208,2
9111,208,2
9112,208,2
9113,208,2
9121,208,2
9122,208,2
9123,208,2
9125,208,2
9132,208,2
9133,208,2
9135,208,2
9141,208,2
9142,208,2
9143,208,2
9150,208,2
9155,208,2
9400,209,2
9411,209,2
9412,209,2
9413,209,2
9421,209,2
9422,209,2
9423,209,2
9431,209,2
9433,209,2
9441,209,2
9451,209,2
9461,209,2
9462,209,2
9463,209,2
9470,209,2
9472,209,2
9473,209,2
9571,210,2
9551,210,2
9552,210,2
9554,210,2
9555,210,2
9560,210,2
9562,210,2
9563,210,2
9564,210,2
9565,210,2
9570,210,2
3500,301,3
3506,301,3
3100,302,3
3104,302,3
3105,302,3
3107,302,3
3151,302,3
3340,303,3
2700,304,3
3300,305,3
3304,305,3
3311,305,3
3312,305,3
3313,305,3
3314,305,3
3321,305,3
3322,305,3
3323,305,3
3324,305,3
3325,305,3
3331,305,3
3332,305,3
3333,305,3
3341,305,3
3342,305,3
3343,305,3
3344,305,3
3350,305,3
3351,305,3
3352,305,3
3353,305,3
3354,305,3
3355,305,3
3361,305,3
3362,305,3
3363,305,3
3364,305,3
3365,305,3
4300,305,3
4303,305,3
4431,305,3
4432,305,3
4441,305,3
4482,305,3
2440,306,3
2441,306,3
2442,306,3
2444,306,3
2483,306,3
2486,306,3
2500,306,3
2504,306,3
2511,306,3
2512,306,3
2514,306,3
2521,306,3
2522,306,3
2523,306,3
2524,306,3
2525,306,3
2532,306,3
2533,306,3
2534,306,3
2540,306,3
2542,306,3
2544,306,3
2551,306,3
2552,306,3
2560,306,3
2563,306,3
2564,306,3
2565,306,3
2571,306,3
2602,306,3
1300,307,3
2320,307,3
2322,307,3
2325,307,3
2326,307,3
2333,307,3
2401,307,3
2402,307,3
2403,307,3
2404,307,3
2405,307,3
2410,307,3
2412,307,3
2431,307,3
2432,307,3
2433,307,3
2434,307,3
2435,307,3
2451,307,3
2452,307,3
2453,307,3
2454,307,3
2463,307,3
2464,307,3
2465,307,3
2471,307,3
2472,307,3
2181,308,3
2182,308,3
2183,308,3
2184,308,3
2185,308,3
2214,308,3
2215,308,3
2221,308,3
2222,308,3
2223,308,3
2224,308,3
2225,308,3
2230,308,3
2231,308,3
2232,308,3
2241,308,3
2242,308,3
2243,308,3
2244,308,3
2245,308,3
2251,308,3
2252,308,3
2253,308,3
2261,308,3
2262,308,3
2263,308,3
2264,308,3
2265,308,3
2272,308,3
2273,308,3
2280,308,3
2281,308,3
2282,308,3
2283,308,3
2284,308,3
2285,308,3
2286,308,3
2291,308,3
2292,308,3
2293,308,3
2294,308,3
2295,308,3
2301,308,3
2304,308,3
2305,308,3
3860,309,3
3861,309,3
3862,309,3
3863,309,3
3871,309,3
3872,309,3
3873,309,3
3874,309,3
3922,309,3
3923,309,3
3932,309,3
3942,309,3
3943,309,3
3944,309,3
3945,309,3
3950,309,3
3961,309,3
3962,309,3
3970,309,3
3971,309,3
3972,309,3
2013,310,3
2014,310,3
2020,310,3
2022,310,3
2023,310,3
2024,310,3
2031,310,3
2033,310,3
2041,310,3
2042,310,3
2051,310,3
2052,310,3
2053,310,3
2054,310,3
2061,310,3
2062,310,3
2070,310,3
2073,310,3
2074,310,3
2081,310,3
2082,310,3
2083,310,3
2092,310,3
3472,310,3
3473,310,3
3704,310,3
3710,310,3
3711,310,3
3712,310,3
3713,310,3
3714,310,3
3720,310,3
3721,310,3
3741,310,3
3742,310,3
2084,311,3
2091,311,3
2093,311,3
2094,311,3
2095,311,3
3571,311,3
3573,311,3
3580,311,3
3591,311,3
3592,311,3
3595,311,3
3722,311,3
3730,311,3
3743,311,3
3744,311,3
3751,311,3
3752,311,3
3753,311,3
3754,311,3
3761,311,3
3763,311,3
3814,311,3
2000,312,3
2002,312,3
2003,312,3
2004,312,3
2011,312,3
2032,312,3
2100,312,3
2102,312,3
2103,312,3
2104,312,3
2105,312,3
2111,312,3
2112,312,3
2113,312,3
2114,312,3
2115,312,3
2201,312,3
2202,312,3
3463,312,3
3464,312,3
3702,312,3
3122,313,3
3485,313,3
3491,313,3
3492,313,3
3493,313,3
3494,313,3
3495,313,3
3508,313,3
3511,313,3
3512,313,3
3521,313,3
3522,313,3
3532,313,3
3541,313,3
3542,313,3
3543,313,3
3544,313,3
3550,313,3
3552,313,3
3553,313,3
3561,313,3
3562,313,3
3564,313,3
3572,313,3
3601,313,3
3602,313,3
3610,313,3
3611,313,3
3613,313,3
3620,313,3
3621,313,3
3622,313,3
3641,313,3
3643,313,3
3153,314,3
3160,314,3
3161,314,3
3162,314,3
3163,314,3
3170,314,3
3171,314,3
3172,314,3
3180,314,3
3183,314,3
3184,314,3
3192,314,3
3193,314,3
3195,314,3
3222,314,3
3223,314,3
3224,314,3
2572,314,3
8694,314,3
3232,315,3
3233,315,3
3240,315,3
3241,315,3
3242,315,3
3243,315,3
3244,315,3
3252,315,3
3253,315,3
3254,315,3
3370,315,3
3371,315,3
3372,315,3
3373,315,3
3374,315,3
3375,315,3
3376,315,3
3380,315,3
3381,315,3
3382,315,3
3383,315,3
3390,315,3
3392,315,3
3393,315,3
3642,315,3
3644,315,3
3650,315,3
3652,315,3
3653,315,3
3654,315,3
3660,315,3
3661,315,3
3662,315,3
3663,315,3
3671,315,3
3672,315,3
3680,315,3
3681,315,3
3683,315,3
3684,315,3
3691,315,3
4392,315,3
2034,316,3
2063,316,3
2064,316,3
2116,316,3
2120,316,3
2122,316,3
2123,316,3
2124,316,3
2125,316,3
2126,316,3
2130,316,3
2132,316,3
2133,316,3
2134,316,3
2135,316,3
2136,316,3
2141,316,3
2143,316,3
2144,316,3
2145,316,3
2151,316,3
2152,316,3
2153,316,3
2154,316,3
2161,316,3
2162,316,3
2163,316,3
2164,316,3
2165,316,3
2170,316,3
2171,316,3
2172,316,3
2191,316,3
2192,316,3
2193,316,3
2203,316,3
2211,316,3
2212,316,3
2213,316,3
2274,316,3
2275,316,3
2276,316,3
2331,317,3
2332,317,3
2334,317,3
2340,317,3
2344,317,3
2345,317,3
2351,317,3
2352,317,3
2353,317,3
2361,317,3
2362,317,3
2371,317,3
2372,317,3
2380,317,3
2381,317,3
2384,317,3
2391,317,3
2392,317,3
2393,317,3
2481,317,3
2482,317,3
2531,317,3
2620,318,3
2624,318,3
2625,318,3
2630,318,3
2631,318,3
2632,318,3
2640,318,3
2641,318,3
2650,318,3
2651,318,3
2661,318,3
2662,318,3
2671,318,3
2673,318,3
2680,318,3
2731,318,3
2732,318,3
2733,318,3
2734,318,3
2823,318,3
2824,318,3
2831,318,3
2832,318,3
2840,318,3
2842,318,3
2870,318,3
2871,318,3
2872,318,3
2873,318,3
2880,318,3
2881,318,3
7421,318,3
3074,319,3
3110,319,3
3121,319,3
3123,319,3
3124,319,3
3125,319,3
3130,319,3
3131,319,3
3133,319,3
3134,319,3
3140,319,3
3141,319,3
3142,319,3
3143,319,3
3144,319,3
3150,319,3
3200,319,3
3202,319,3
3203,319,3
3204,319,3
3205,319,3
3211,319,3
3212,319,3
3213,319,3
3231,319,3
3001,319,3
3002,319,3
3003,319,3
3004,319,3
3011,319,3
3012,319,3
3013,319,3
3021,319,3
3031,319,3
3032,319,3
3033,319,3
3034,319,3
3040,319,3
3041,319,3
3051,319,3
3052,319,3
3053,319,3
3061,319,3
3062,319,3
3071,319,3
3072,319,3
3073,319,3
3384,319,3
3385,319,3
3386,319,3
3214,320,3
3221,320,3
3250,320,3
3251,320,3
3261,320,3
3262,320,3
3263,320,3
3264,320,3
3270,320,3
3281,320,3
3282,320,3
3283,320,3
3291,320,3
3292,320,3
3293,320,3
3295,320,3
3345,320,3
3042,321,3
3400,321,3
3413,321,3
3420,321,3
3421,321,3
3422,321,3
3423,321,3
3424,321,3
3425,321,3
3426,321,3
3430,321,3
3433,321,3
3434,321,3
3435,321,3
3441,321,3
3442,321,3
3443,321,3
3451,321,3
3452,321,3
3454,321,3
3462,321,3
3465,321,3
3470,321,3
3471,321,3
3474,321,3
3481,321,3
3482,321,3
3483,321,3
3484,321,3
3701,321,3
3762,322,3
3812,322,3
3813,322,3
3820,322,3
3822,322,3
3823,322,3
3824,322,3
3830,322,3
3834,322,3
3841,322,3
3842,322,3
3843,322,3
3844,322,3
3851,322,3
3852,322,3
3902,322,3
2490,323,3
2492,323,3
2493,323,3
2601,323,3
2603,323,3
2604,323,3
2663,323,3
2721,323,3
2722,323,3
2723,323,3
2724,323,3
2751,323,3
2752,323,3
2753,323,3
2754,323,3
2755,323,3
2761,323,3
2763,323,3
2770,323,3
2801,323,3
2802,323,3
2803,323,3
2811,323,3
2812,323,3
2813,323,3
2821,323,3
2822,323,3
2833,323,3
2851,323,3
2852,323,3
2853,323,3
2860,323,3
3524,325,3
3525,325,3
3531,325,3
3533,325,3
3593,325,3
3594,325,3
3623,325,3
3631,325,3
3632,325,3
3633,325,3
3664,325,3
3665,325,3
3800,325,3
3804,325,3
3811,325,3
3900,325,3
3903,325,3
3910,325,3
3911,325,3
3912,325,3
3913,325,3
3914,325,3
3920,325,3
3921,325,3
3924,325,3
3925,325,3
3931,325,3
3973,325,3
4020,401,4
4030,401,4
4400,402,4
4600,403,4
4933,404,4
4950,404,4
4951,404,4
4952,404,4
4962,404,4
4963,404,4
5120,404,4
5121,404,4
5122,404,4
5123,404,4
5131,404,4
5132,404,4
5133,404,4
5134,404,4
5141,404,4
5142,404,4
5143,404,4
5144,404,4
5145,404,4
5163,404,4
5166,404,4
5211,404,4
5212,404,4
5221,404,4
5222,404,4
5223,404,4
5224,404,4
5225,404,4
5230,404,4
5231,404,4
5232,404,4
5233,404,4
5241,404,4
5242,404,4
5251,404,4
5252,404,4
5261,404,4
5270,404,4
5271,404,4
5272,404,4
5273,404,4
5274,404,4
5280,404,4
5282,404,4
4612,405,4
4731,405,4
4070,405,4
4072,405,4
4074,405,4
4075,405,4
4076,405,4
4081,405,4
4082,405,4
4083,405,4
4210,406,4
4212,406,4
4224,406,4
4230,406,4
4232,406,4
4240,406,4
4242,406,4
4251,406,4
4252,406,4
4261,406,4
4262,406,4
4263,406,4
4264,406,4
4271,406,4
4272,406,4
4273,406,4
4274,406,4
4280,406,4
4281,406,4
4282,406,4
4283,406,4
4284,406,4
4291,406,4
4292,406,4
4293,406,4
4294,406,4
4644,407,4
4645,407,4
4655,407,4
4656,407,4
4661,407,4
4662,407,4
4663,407,4
4664,407,4
4694,407,4
4801,407,4
4802,407,4
4810,407,4
4812,407,4
4813,407,4
4816,407,4
4817,407,4
4820,407,4
4821,407,4
4822,407,4
4823,407,4
4824,407,4
4825,407,4
4830,407,4
4831,407,4
4845,407,4
5360,407,4
4633,408,4
4673,408,4
4674,408,4
4675,408,4
4676,408,4
4680,408,4
4681,408,4
4682,408,4
4701,408,4
4702,408,4
4707,408,4
4710,408,4
4712,408,4
4713,408,4
4714,408,4
4715,408,4
4716,408,4
4720,408,4
4722,408,4
4723,408,4
4724,408,4
4730,408,4
4732,408,4
4733,408,4
4741,408,4
4742,408,4
4084,408,4
4596,409,4
4643,409,4
4542,409,4
4550,409,4
4551,409,4
4552,409,4
4553,409,4
4554,409,4
4560,409,4
4562,409,4
4563,409,4
4564,409,4
4565,409,4
4571,409,4
4572,409,4
4573,409,4
4574,409,4
4575,409,4
4580,409,4
4581,409,4
4582,409,4
4591,409,4
4592,409,4
4593,409,4
4594,409,4
4622,410,4
4050,410,4
4052,410,4
4053,410,4
4055,410,4
4060,410,4
4061,410,4
4062,410,4
4063,410,4
4064,410,4
4073,410,4
4470,410,4
4481,410,4
4483,410,4
4484,410,4
4490,410,4
4491,410,4
4492,410,4
4501,410,4
4502,410,4
4511,410,4
4531,410,4
4533,410,4
4222,411,4
4223,411,4
4225,411,4
4310,411,4
4311,411,4
4312,411,4
4320,411,4
4322,411,4
4323,411,4
4324,411,4
4331,411,4
4332,411,4
4341,411,4
4342,411,4
4343,411,4
4351,411,4
4352,411,4
4360,411,4
4362,411,4
4363,411,4
4364,411,4
4371,411,4
4372,411,4
4381,411,4
4382,411,4
4391,411,4
4743,412,4
4753,412,4
4754,412,4
4772,412,4
4906,412,4
4910,412,4
4911,412,4
4912,412,4
4920,412,4
4921,412,4
4922,412,4
4923,412,4
4924,412,4
4925,412,4
4926,412,4
4931,412,4
4932,412,4
4941,412,4
4942,412,4
4943,412,4
4961,412,4
4970,412,4
4971,412,4
4972,412,4
4973,412,4
4974,412,4
4980,412,4
4981,412,4
4982,412,4
4983,412,4
4984,412,4
4113,413,4
4114,413,4
4115,413,4
4116,413,4
4120,413,4
4121,413,4
4122,413,4
4131,413,4
4132,413,4
4133,413,4
4134,413,4
4141,413,4
4142,413,4
4143,413,4
4144,413,4
4150,413,4
4151,413,4
4152,413,4
4153,413,4
4154,413,4
4155,413,4
4160,413,4
4161,413,4
4162,413,4
4163,413,4
4164,413,4
4170,413,4
4171,413,4
4172,413,4
4173,413,4
4174,413,4
4183,413,4
4184,413,4
4721,414,4
4725,414,4
4751,414,4
4752,414,4
4755,414,4
4760,414,4
4761,414,4
4762,414,4
4770,414,4
4771,414,4
4773,414,4
4774,414,4
4775,414,4
4776,414,4
4777,414,4
4780,414,4
4782,414,4
4783,414,4
4784,414,4
4785,414,4
4786,414,4
4791,414,4
4792,414,4
4793,414,4
4794,414,4
4975,414,4
4085,414,4
4090,414,4
4091,414,4
4092,414,4
3334,415,4
3335,415,4
4407,415,4
4421,415,4
4442,415,4
4443,415,4
4451,415,4
4452,415,4
4453,415,4
4460,415,4
4461,415,4
4462,415,4
4463,415,4
4464,415,4
4493,415,4
4521,415,4
4522,415,4
4523,415,4
4532,415,4
4540,415,4
4541,415,4
4595,415,4
4040,416,4
4048,416,4
4100,416,4
4101,416,4
4102,416,4
4111,416,4
4112,416,4
4175,416,4
4180,416,4
4181,416,4
4182,416,4
4190,416,4
4191,416,4
4192,416,4
4193,416,4
4201,416,4
4202,416,4
4203,416,4
4204,416,4
4209,416,4
4211,416,4
4221,416,4
4690,417,4
4691,417,4
4692,417,4
4693,417,4
4800,417,4
4814,417,4
4840,417,4
4841,417,4
4842,417,4
4843,417,4
4844,417,4
4846,417,4
4849,417,4
4850,417,4
4851,417,4
4852,417,4
4853,417,4
4860,417,4
4861,417,4
4863,417,4
4864,417,4
4865,417,4
4866,417,4
4870,417,4
4871,417,4
4872,417,4
4873,417,4
4880,417,4
4881,417,4
4882,417,4
4890,417,4
4891,417,4
4892,417,4
4893,417,4
4894,417,4
4901,417,4
4902,417,4
4903,417,4
4904,417,4
5310,417,4
5311,417,4
4611,418,4
4613,418,4
4614,418,4
4615,418,4
4616,418,4
4621,418,4
4623,418,4
4624,418,4
4625,418,4
4631,418,4
4632,418,4
4641,418,4
4642,418,4
4650,418,4
4651,418,4
4652,418,4
4653,418,4
4654,418,4
4671,418,4
4672,418,4
5020,501,5
5023,501,5
5026,501,5
5083,502,5
5400,502,5
5411,502,5
5412,502,5
5421,502,5
5422,502,5
5423,502,5
5424,502,5
5425,502,5
5431,502,5
5440,502,5
5441,502,5
5442,502,5
5523,502,5
5524,502,5
4854,503,5
5061,503,5
5071,503,5
5081,503,5
5082,503,5
5084,503,5
5101,503,5
5102,503,5
5110,503,5
5111,503,5
5112,503,5
5113,503,5
5114,503,5
5151,503,5
5152,503,5
5161,503,5
5162,503,5
5164,503,5
5165,503,5
5201,503,5
5202,503,5
5203,503,5
5204,503,5
5205,503,5
5300,503,5
5301,503,5
5302,503,5
5303,503,5
5321,503,5
5322,503,5
5323,503,5
5324,503,5
5325,503,5
5330,503,5
5340,503,5
5342,503,5
5350,503,5
5450,504,5
5451,504,5
5452,504,5
5453,504,5
5500,504,5
5505,504,5
5511,504,5
5521,504,5
5522,504,5
5531,504,5
5532,504,5
5541,504,5
5542,504,5
5550,504,5
5552,504,5
5561,504,5
5562,504,5
5600,504,5
5602,504,5
5603,504,5
5611,504,5
5612,504,5
5620,504,5
5621,504,5
5622,504,5
5630,504,5
5632,504,5
5640,504,5
5645,504,5
8974,504,5
5563,505,5
5570,505,5
5571,505,5
5572,505,5
5573,505,5
5574,505,5
5575,505,5
5580,505,5
5581,505,5
5582,505,5
5583,505,5
5584,505,5
5585,505,5
5591,505,5
5592,505,5
8863,505,5
5090,506,5
5091,506,5
5092,506,5
5093,506,5
5651,506,5
5652,506,5
5660,506,5
5661,506,5
5662,506,5
5671,506,5
5672,506,5
5700,506,5
5710,506,5
5721,506,5
5722,506,5
5723,506,5
5724,506,5
5730,506,5
5731,506,5
5732,506,5
5733,506,5
5741,506,5
5742,506,5
5743,506,5
5751,506,5
5752,506,5
5753,506,5
5754,506,5
5760,506,5
5761,506,5
5771,506,5
8010,601,6
8020,601,6
8036,601,6
8041,601,6
8042,601,6
8043,601,6
8053,601,6
8502,603,6
8503,603,6
8504,603,6
8510,603,6
8511,603,6
8521,603,6
8522,603,6
8523,603,6
8524,603,6
8530,603,6
8541,603,6
8542,603,6
8543,603,6
8544,603,6
8551,603,6
8552,603,6
8553,603,6
8554,603,6
8044,606,6
8045,606,6
8046,606,6
8047,606,6
8051,606,6
8052,606,6
8054,606,6
8055,606,6
8061,606,6
8062,606,6
8063,606,6
8071,606,6
8072,606,6
8073,606,6
8074,606,6
8075,606,6
8076,606,6
8077,606,6
8101,606,6
8102,606,6
8103,606,6
8111,606,6
8112,606,6
8113,606,6
8114,606,6
8120,606,6
8121,606,6
8122,606,6
8124,606,6
8130,606,6
8141,606,6
8142,606,6
8143,606,6
8144,606,6
8151,606,6
8153,606,6
8301,606,6
8302,606,6
8323,606,6
8401,606,6
8402,606,6
8501,606,6
8081,610,6
8403,610,6
8410,610,6
8411,610,6
8412,610,6
8413,610,6
8421,610,6
8422,610,6
8423,610,6
8424,610,6
8430,610,6
8431,610,6
8434,610,6
8435,610,6
8441,610,6
8442,610,6
8443,610,6
8444,610,6
8451,610,6
8452,610,6
8453,610,6
8454,610,6
8455,610,6
8461,610,6
8462,610,6
8463,610,6
8472,610,6
8481,610,6
8505,610,6
8700,611,6
8712,611,6
8713,611,6
8714,611,6
8770,611,6
8772,611,6
8773,611,6
8774,611,6
8775,611,6
8781,611,6
8790,611,6
8792,611,6
8793,611,6
8794,611,6
8795,611,6
8920,611,6
8782,612,6
8783,612,6
8784,612,6
8786,612,6
8900,612,6
8903,612,6
8904,612,6
8911,612,6
8912,612,6
8913,612,6
8921,612,6
8922,612,6
8923,612,6
8924,612,6
8931,612,6
8932,612,6
8933,612,6
8934,612,6
8940,612,6
8942,612,6
8943,612,6
8950,612,6
8951,612,6
8952,612,6
8953,612,6
8954,612,6
8960,612,6
8961,612,6
8962,612,6
8965,612,6
8966,612,6
8967,612,6
8970,612,6
8971,612,6
8972,612,6
8973,612,6
8982,612,6
8983,612,6
8984,612,6
8990,612,6
8992,612,6
8993,612,6
8811,614,6
8812,614,6
8813,614,6
8820,614,6
8822,614,6
8831,614,6
8832,614,6
8833,614,6
8841,614,6
8842,614,6
8843,614,6
8844,614,6
8850,614,6
8852,614,6
8853,614,6
8854,614,6
8861,614,6
8862,614,6
8864,614,6
9323,614,6
8152,616,6
8561,616,6
8562,616,6
8563,616,6
8564,616,6
8565,616,6
8570,616,6
8572,616,6
8573,616,6
8580,616,6
8582,616,6
8583,616,6
8584,616,6
8591,616,6
8593,616,6
8160,617,6
8162,617,6
8163,617,6
8171,617,6
8172,617,6
8181,617,6
8182,617,6
8183,617,6
8184,617,6
8190,617,6
8191,617,6
8192,617,6
8200,617,6
8211,617,6
8212,617,6
8261,617,6
8311,617,6
8321,617,6
8616,617,6
8654,617,6
8671,617,6
8672,617,6
8673,617,6
8674,617,6
8592,620,6
8715,620,6
8720,620,6
8723,620,6
8724,620,6
8731,620,6
8732,620,6
8733,620,6
8734,620,6
8740,620,6
8741,620,6
8742,620,6
8750,620,6
8753,620,6
8754,620,6
8755,620,6
8756,620,6
8761,620,6
8762,620,6
8763,620,6
8764,620,6
8765,620,6
8785,620,6
8800,620,6
3294,621,6
2654,621,6
8131,621,6
8132,621,6
8600,621,6
8605,621,6
8611,621,6
8612,621,6
8614,621,6
8621,621,6
8622,621,6
8623,621,6
8624,621,6
8625,621,6
8630,621,6
8632,621,6
8634,621,6
8635,621,6
8636,621,6
8641,621,6
8642,621,6
8643,621,6
8644,621,6
8650,621,6
8652,621,6
8653,621,6
8661,621,6
8662,621,6
8663,621,6
8664,621,6
8665,621,6
8670,621,6
8680,621,6
8682,621,6
8684,621,6
8685,621,6
8691,621,6
8692,621,6
8693,621,6
8221,622,6
8222,622,6
8223,622,6
8224,622,6
8225,622,6
8230,622,6
8232,622,6
8233,622,6
8234,622,6
8240,622,6
8241,622,6
8242,622,6
8243,622,6
8244,622,6
8250,622,6
8251,622,6
8252,622,6
8253,622,6
8254,622,6
8255,622,6
8262,622,6
8263,622,6
8264,622,6
8265,622,6
8271,622,6
8272,622,6
8273,622,6
8274,622,6
8280,622,6
8282,622,6
8283,622,6
8294,622,6
8295,622,6
8312,622,6
8362,622,6
8082,623,6
8083,623,6
8091,623,6
8092,623,6
8093,623,6
8313,623,6
8322,623,6
8324,623,6
8330,623,6
8332,623,6
8333,623,6
8334,623,6
8341,623,6
8342,623,6
8343,623,6
8344,623,6
8345,623,6
8350,623,6
8352,623,6
8353,623,6
8354,623,6
8355,623,6
8361,623,6
8471,623,6
8473,623,6
8480,623,6
8483,623,6
8484,623,6
8490,623,6
8492,623,6
8493,623,6
6020,701,7
6080,701,7
6425,702,7
6426,702,7
6430,702,7
6432,702,7
6433,702,7
6441,702,7
6444,702,7
6450,702,7
6452,702,7
6456,702,7
6458,702,7
6460,702,7
6462,702,7
6463,702,7
6464,702,7
6465,702,7
6471,702,7
6473,702,7
6474,702,7
6481,702,7
6492,702,7
6493,702,7
6183,702,7
6414,702,7
6416,702,7
6421,702,7
6422,702,7
6423,702,7
6424,702,7
6060,703,7
6063,703,7
6065,703,7
6067,703,7
6068,703,7
6069,703,7
6070,703,7
6071,703,7
6072,703,7
6073,703,7
6074,703,7
6075,703,7
6082,703,7
6083,703,7
6091,703,7
6092,703,7
6094,703,7
6095,703,7
6100,703,7
6103,703,7
6105,703,7
6108,703,7
6111,703,7
6112,703,7
6113,703,7
6114,703,7
6115,703,7
6121,703,7
6122,703,7
6141,703,7
6142,703,7
6143,703,7
6145,703,7
6150,703,7
6152,703,7
6154,703,7
6156,703,7
6157,703,7
6161,703,7
6162,703,7
6165,703,7
6166,703,7
6167,703,7
6170,703,7
6173,703,7
6175,703,7
6176,703,7
6178,703,7
6179,703,7
6181,703,7
6182,703,7
6184,703,7
6401,703,7
6402,703,7
6403,703,7
6404,703,7
6405,703,7
6406,703,7
6408,703,7
6410,703,7
6413,703,7
6305,704,7
6314,704,7
6345,704,7
6353,704,7
6361,704,7
6363,704,7
6364,704,7
6365,704,7
6370,704,7
6371,704,7
6372,704,7
6373,704,7
6380,704,7
6382,704,7
6383,704,7
6384,704,7
6385,704,7
6391,704,7
6392,704,7
6393,704,7
6395,704,7
6230,705,7
6232,705,7
6233,705,7
6234,705,7
6235,705,7
6236,705,7
6240,705,7
6241,705,7
6250,705,7
6252,705,7
6300,705,7
6306,705,7
6311,705,7
6313,705,7
6320,705,7
6321,705,7
6322,705,7
6323,705,7
6324,705,7
6330,705,7
6334,705,7
6335,705,7
6336,705,7
6341,705,7
6342,705,7
6343,705,7
6344,705,7
6346,705,7
6347,705,7
6351,705,7
6352,705,7
6491,706,7
6500,706,7
6511,706,7
6521,706,7
6522,706,7
6524,706,7
6525,706,7
6526,706,7
6527,706,7
6528,706,7
6531,706,7
6532,706,7
6533,706,7
6534,706,7
6541,706,7
6542,706,7
6543,706,7
6544,706,7
6551,706,7
6552,706,7
6553,706,7
6555,706,7
6561,706,7
6562,706,7
6563,706,7
6571,706,7
6572,706,7
6574,706,7
6580,706,7
6591,706,7
9782,707,7
9900,707,7
9903,707,7
9904,707,7
9905,707,7
9906,707,7
9907,707,7
9908,707,7
9909,707,7
9911,707,7
9912,707,7
9913,707,7
9918,707,7
9919,707,7
9920,707,7
9931,707,7
9932,707,7
9941,707,7
9942,707,7
9943,707,7
9951,707,7
9952,707,7
9954,707,7
9961,707,7
9962,707,7
9963,707,7
9971,707,7
9972,707,7
9974,707,7
9981,707,7
9990,707,7
9991,707,7
9992,707,7
6600,708,7
6604,708,7
6610,708,7
6611,708,7
6621,708,7
6622,708,7
6623,708,7
6631,708,7
6632,708,7
6633,708,7
6642,708,7
6644,708,7
6645,708,7
6646,708,7
6647,708,7
6650,708,7
6651,708,7
6652,708,7
6653,708,7
6654,708,7
6655,708,7
6670,708,7
6671,708,7
6672,708,7
6673,708,7
6675,708,7
6677,708,7
6682,708,7
6691,708,7
6116,709,7
6123,709,7
6130,709,7
6133,709,7
6134,709,7
6135,709,7
6136,709,7
6200,709,7
6210,709,7
6212,709,7
6213,709,7
6215,709,7
6220,709,7
6222,709,7
6260,709,7
6261,709,7
6262,709,7
6263,709,7
6264,709,7
6265,709,7
6271,709,7
6272,709,7
6273,709,7
6274,709,7
6275,709,7
6276,709,7
6277,709,7
6278,709,7
6280,709,7
6281,709,7
6283,709,7
6284,709,7
6290,709,7
6292,709,7
6293,709,7
6294,709,7
6295,709,7
6700,801,8
6706,801,8
6707,801,8
6708,801,8
6710,801,8
6712,801,8
6713,801,8
6714,801,8
6719,801,8
6721,801,8
6722,801,8
6723,801,8
6731,801,8
6733,801,8
6741,801,8
6751,801,8
6752,801,8
6754,801,8
6762,801,8
6763,801,8
6764,801,8
6771,801,8
6773,801,8
6774,801,8
6780,801,8
6781,801,8
6782,801,8
6787,801,8
6791,801,8
6793,801,8
6794,801,8
6767,802,8
6858,802,8
6861,802,8
6863,802,8
6866,802,8
6867,802,8
6870,802,8
6874,802,8
6881,802,8
6882,802,8
6883,802,8
6884,802,8
6886,802,8
6888,802,8
6900,802,8
6911,802,8
6912,802,8
6914,802,8
6921,802,8
6922,802,8
6923,802,8
6932,802,8
6933,802,8
6934,802,8
6941,802,8
6942,802,8
6943,802,8
6951,802,8
6952,802,8
6960,802,8
6971,802,8
6972,802,8
6973,802,8
6974,802,8
6991,802,8
6992,802,8
6993,802,8
6845,803,8
6850,803,8
6890,803,8
6800,804,8
6811,804,8
6812,804,8
6820,804,8
6822,804,8
6824,804,8
6830,804,8
6832,804,8
6833,804,8
6834,804,8
6835,804,8
6836,804,8
6837,804,8
6840,804,8
6841,804,8
6842,804,8
6844,804,8
1010,901,9
1020,902,9
1030,903,9
1040,904,9
1050,905,9
1060,906,9
1070,907,9
1080,908,9
1090,909,9
1100,910,9
1110,911,9
1120,912,9
1130,913,9
1140,914,9
1150,915,9
1160,916,9
1170,917,9
1180,918,9
1190,919,9
1200,920,9
1210,921,9
1220,922,9
1230,923,9
